Date,Time,Caption,Image URL,Link,Status
2026-07-20,11:30,"Paver Driveways in Lakewood Ranch, FL done right. Lakewood Ranch Concrete installs a paver driveway set on a fully compacted base with polymeric joint sand. We install concrete & paver driveways, patios, pool decks, travertine, stamped concrete, walkways & sealing across Lakewood Ranch, Bradenton, Sarasota & Parrish and all of Manatee & Sarasota County. Fully insured. Free written estimates.

📞 Free estimate: (941) 352-4308
🔗 https://lakewoodranchconcretefl.com/paver-driveways/lakewood-ranch/

#PaverDriveways #LakewoodRanch #LakewoodRanchFL #Concrete #Pavers #ConcreteContractor #Hardscape #Hardscaping #Bradenton #Sarasota #ManateeCounty #FloridaHomes #CurbAppeal #OutdoorLiving #SWFL",https://lakewoodranchconcretefl.com/images/social-fbig/fbig-01-paver-driveways-lakewood-ranch-fl.jpg,https://lakewoodranchconcretefl.com/paver-driveways/lakewood-ranch/,
2026-07-22,11:30,"Free paver driveways estimate in Bradenton, FL. Paver Driveways — a paver driveway set on a fully compacted base with polymeric joint sand. Serving Bradenton, Lakewood Ranch, Palmetto & Ellenton and the Suncoast. No pressure, fully insured, same crew from start to finish.

📞 Free estimate: (941) 352-4308
🔗 https://lakewoodranchconcretefl.com/paver-driveways/bradenton/

#PaverDriveways #Bradenton #BradentonFL #Concrete #Pavers #ConcreteContractor #Hardscape #Hardscaping #LakewoodRanch #Sarasota #ManateeCounty #FloridaHomes #CurbAppeal #OutdoorLiving #SWFL",https://lakewoodranchconcretefl.com/images/social-fbig/fbig-02-paver-driveways-bradenton-fl.jpg,https://lakewoodranchconcretefl.com/paver-driveways/bradenton/,
2026-07-24,11:30,"Parrish homeowners: most sunken pavers trace back to a rushed, under-compacted base. Our paver driveways start with real base prep and engineered joints — not shortcuts. Paver Driveways plus concrete & paver driveways, patios, pool decks, travertine, stamped concrete, walkways & sealing across Parrish, Ellenton, Palmetto & Bradenton. Fully insured, free estimates.

📞 Free estimate: (941) 352-4308
🔗 https://lakewoodranchconcretefl.com/paver-driveways/parrish/

#PaverDriveways #Parrish #ParrishFL #Concrete #Pavers #ConcreteContractor #Hardscape #Hardscaping #LakewoodRanch #Bradenton #Sarasota #ManateeCounty #FloridaHomes #CurbAppeal #OutdoorLiving #SWFL",https://lakewoodranchconcretefl.com/images/social-fbig/fbig-03-paver-driveways-parrish-fl.jpg,https://lakewoodranchconcretefl.com/paver-driveways/parrish/,
2026-07-27,11:30,"Another concrete driveways finished in Lakewood Ranch, FL — a poured concrete driveway engineered for Florida heat and shifting soil. Your Lakewood Ranch project could be next. We install concrete & paver driveways, patios, pool decks, travertine, stamped concrete, walkways & sealing across Lakewood Ranch, Bradenton, Sarasota & Parrish. Fully insured, free written estimates, HOA/ARC-ready.

📞 Free estimate: (941) 352-4308
🔗 https://lakewoodranchconcretefl.com/concrete-driveways/lakewood-ranch/

#ConcreteDriveways #LakewoodRanch #LakewoodRanchFL #Concrete #Pavers #ConcreteContractor #Hardscape #Hardscaping #Bradenton #Sarasota #ManateeCounty #FloridaHomes #CurbAppeal #OutdoorLiving #SWFL",https://lakewoodranchconcretefl.com/images/social-fbig/fbig-04-concrete-driveways-lakewood-ranch-fl.jpg,https://lakewoodranchconcretefl.com/concrete-driveways/lakewood-ranch/,
2026-07-29,11:30,"Paver Driveways in Bradenton, FL done right. Lakewood Ranch Concrete installs a paver driveway set on a fully compacted base with polymeric joint sand. We install concrete & paver driveways, patios, pool decks, travertine, stamped concrete, walkways & sealing across Bradenton, Lakewood Ranch, Palmetto & Ellenton and all of Manatee & Sarasota County. Fully insured. Free written estimates.

📞 Free estimate: (941) 352-4308
🔗 https://lakewoodranchconcretefl.com/paver-driveways/bradenton/

#PaverDriveways #Bradenton #BradentonFL #Concrete #Pavers #ConcreteContractor #Hardscape #Hardscaping #LakewoodRanch #Sarasota #ManateeCounty #FloridaHomes #CurbAppeal #OutdoorLiving #SWFL",https://lakewoodranchconcretefl.com/images/social-fbig/fbig-05-paver-driveways-bradenton-fl.jpg,https://lakewoodranchconcretefl.com/paver-driveways/bradenton/,
2026-07-31,11:30,"Free paver driveways estimate in Lakewood Ranch, FL. Paver Driveways — a paver driveway set on a fully compacted base with polymeric joint sand. Serving Lakewood Ranch, Bradenton, Sarasota & Parrish and the Suncoast. No pressure, fully insured, same crew from start to finish.

📞 Free estimate: (941) 352-4308
🔗 https://lakewoodranchconcretefl.com/paver-driveways/lakewood-ranch/

#PaverDriveways #LakewoodRanch #LakewoodRanchFL #Concrete #Pavers #ConcreteContractor #Hardscape #Hardscaping #Bradenton #Sarasota #ManateeCounty #FloridaHomes #CurbAppeal #OutdoorLiving #SWFL",https://lakewoodranchconcretefl.com/images/social-fbig/fbig-06-paver-driveways-lakewood-ranch-fl.jpg,https://lakewoodranchconcretefl.com/paver-driveways/lakewood-ranch/,
2026-08-03,11:30,"Bradenton homeowners: polymeric sand and edge restraint are what keep pavers from spreading. Our paver patios start with real base prep and engineered joints — not shortcuts. Paver Patios & Walkways plus concrete & paver driveways, patios, pool decks, travertine, stamped concrete, walkways & sealing across Bradenton, Lakewood Ranch, Palmetto & Ellenton. Fully insured, free estimates.

📞 Free estimate: (941) 352-4308
🔗 https://lakewoodranchconcretefl.com/paver-patios-walkways/bradenton/

#PaverPatios #Bradenton #BradentonFL #Concrete #Pavers #ConcreteContractor #Hardscape #Hardscaping #LakewoodRanch #Sarasota #ManateeCounty #FloridaHomes #CurbAppeal #OutdoorLiving #SWFL",https://lakewoodranchconcretefl.com/images/social-fbig/fbig-07-paver-patios-bradenton-fl.jpg,https://lakewoodranchconcretefl.com/paver-patios-walkways/bradenton/,
2026-08-05,11:30,"Another concrete patios finished in Bradenton, FL — a broom, smooth or stamped concrete patio built for Gulf Coast sun and drainage. Your Bradenton project could be next. We install concrete & paver driveways, patios, pool decks, travertine, stamped concrete, walkways & sealing across Bradenton, Lakewood Ranch, Palmetto & Ellenton. Fully insured, free written estimates, HOA/ARC-ready.

📞 Free estimate: (941) 352-4308
🔗 https://lakewoodranchconcretefl.com/concrete-patios/bradenton/

#ConcretePatios #Bradenton #BradentonFL #Concrete #Pavers #ConcreteContractor #Hardscape #Hardscaping #LakewoodRanch #Sarasota #ManateeCounty #FloridaHomes #CurbAppeal #OutdoorLiving #SWFL",https://lakewoodranchconcretefl.com/images/social-fbig/fbig-08-concrete-patios-bradenton-fl.jpg,https://lakewoodranchconcretefl.com/concrete-patios/bradenton/,
2026-08-07,11:30,"Paver Patios & Walkways in Lakewood Ranch, FL done right. Lakewood Ranch Concrete installs a paver patio or walkway that won't settle, shift or wash out. We install concrete & paver driveways, patios, pool decks, travertine, stamped concrete, walkways & sealing across Lakewood Ranch, Bradenton, Sarasota & Parrish and all of Manatee & Sarasota County. Fully insured. Free written estimates.

📞 Free estimate: (941) 352-4308
🔗 https://lakewoodranchconcretefl.com/paver-patios-walkways/lakewood-ranch/

#PaverPatios #LakewoodRanch #LakewoodRanchFL #Concrete #Pavers #ConcreteContractor #Hardscape #Hardscaping #Bradenton #Sarasota #ManateeCounty #FloridaHomes #CurbAppeal #OutdoorLiving #SWFL",https://lakewoodranchconcretefl.com/images/social-fbig/fbig-09-paver-patios-lakewood-ranch-fl.jpg,https://lakewoodranchconcretefl.com/paver-patios-walkways/lakewood-ranch/,
2026-08-10,11:30,"Free paver patios estimate in Bradenton, FL. Paver Patios & Walkways — a paver patio or walkway that won't settle, shift or wash out. Serving Bradenton, Lakewood Ranch, Palmetto & Ellenton and the Suncoast. No pressure, fully insured, same crew from start to finish.

📞 Free estimate: (941) 352-4308
🔗 https://lakewoodranchconcretefl.com/paver-patios-walkways/bradenton/

#PaverPatios #Bradenton #BradentonFL #Concrete #Pavers #ConcreteContractor #Hardscape #Hardscaping #LakewoodRanch #Sarasota #ManateeCounty #FloridaHomes #CurbAppeal #OutdoorLiving #SWFL",https://lakewoodranchconcretefl.com/images/social-fbig/fbig-10-paver-patios-bradenton-fl.jpg,https://lakewoodranchconcretefl.com/paver-patios-walkways/bradenton/,
2026-08-12,11:30,"Parrish homeowners: polymeric sand and edge restraint are what keep pavers from spreading. Our paver patios start with real base prep and engineered joints — not shortcuts. Paver Patios & Walkways plus concrete & paver driveways, patios, pool decks, travertine, stamped concrete, walkways & sealing across Parrish, Ellenton, Palmetto & Bradenton. Fully insured, free estimates.

📞 Free estimate: (941) 352-4308
🔗 https://lakewoodranchconcretefl.com/paver-patios-walkways/parrish/

#PaverPatios #Parrish #ParrishFL #Concrete #Pavers #ConcreteContractor #Hardscape #Hardscaping #LakewoodRanch #Bradenton #Sarasota #ManateeCounty #FloridaHomes #CurbAppeal #OutdoorLiving #SWFL",https://lakewoodranchconcretefl.com/images/social-fbig/fbig-11-paver-patios-parrish-fl.jpg,https://lakewoodranchconcretefl.com/paver-patios-walkways/parrish/,
2026-08-14,11:30,"Another stamped concrete finished in Lakewood Ranch, FL — stamped concrete that reads like natural stone and clears HOA/ARC review. Your Lakewood Ranch project could be next. We install concrete & paver driveways, patios, pool decks, travertine, stamped concrete, walkways & sealing across Lakewood Ranch, Bradenton, Sarasota & Parrish. Fully insured, free written estimates, HOA/ARC-ready.

📞 Free estimate: (941) 352-4308
🔗 https://lakewoodranchconcretefl.com/stamped-concrete/lakewood-ranch/

#StampedConcrete #LakewoodRanch #LakewoodRanchFL #Concrete #Pavers #ConcreteContractor #Hardscape #Hardscaping #Bradenton #Sarasota #ManateeCounty #FloridaHomes #CurbAppeal #OutdoorLiving #SWFL",https://lakewoodranchconcretefl.com/images/social-fbig/fbig-12-stamped-concrete-lakewood-ranch-fl.jpg,https://lakewoodranchconcretefl.com/stamped-concrete/lakewood-ranch/,
2026-08-17,11:30,"Paver Patios & Walkways in Lakewood Ranch, FL done right. Lakewood Ranch Concrete installs a paver patio or walkway that won't settle, shift or wash out. We install concrete & paver driveways, patios, pool decks, travertine, stamped concrete, walkways & sealing across Lakewood Ranch, Bradenton, Sarasota & Parrish and all of Manatee & Sarasota County. Fully insured. Free written estimates.

📞 Free estimate: (941) 352-4308
🔗 https://lakewoodranchconcretefl.com/paver-patios-walkways/lakewood-ranch/

#PaverPatios #LakewoodRanch #LakewoodRanchFL #Concrete #Pavers #ConcreteContractor #Hardscape #Hardscaping #Bradenton #Sarasota #ManateeCounty #FloridaHomes #CurbAppeal #OutdoorLiving #SWFL",https://lakewoodranchconcretefl.com/images/social-fbig/fbig-13-paver-patios-lakewood-ranch-fl.jpg,https://lakewoodranchconcretefl.com/paver-patios-walkways/lakewood-ranch/,
2026-08-19,11:30,"Free paver patios estimate in Lakewood Ranch, FL. Paver Patios & Walkways — a paver patio or walkway that won't settle, shift or wash out. Serving Lakewood Ranch, Bradenton, Sarasota & Parrish and the Suncoast. No pressure, fully insured, same crew from start to finish.

📞 Free estimate: (941) 352-4308
🔗 https://lakewoodranchconcretefl.com/paver-patios-walkways/lakewood-ranch/

#PaverPatios #LakewoodRanch #LakewoodRanchFL #Concrete #Pavers #ConcreteContractor #Hardscape #Hardscaping #Bradenton #Sarasota #ManateeCounty #FloridaHomes #CurbAppeal #OutdoorLiving #SWFL",https://lakewoodranchconcretefl.com/images/social-fbig/fbig-14-paver-patios-lakewood-ranch-fl.jpg,https://lakewoodranchconcretefl.com/paver-patios-walkways/lakewood-ranch/,
2026-08-21,11:30,"Lakewood Ranch homeowners: travertine stays cooler than concrete and pavers flex instead of cracking. Our pool deck pavers start with real base prep and engineered joints — not shortcuts. Pool Deck Pavers & Travertine plus concrete & paver driveways, patios, pool decks, travertine, stamped concrete, walkways & sealing across Lakewood Ranch, Bradenton, Sarasota & Parrish. Fully insured, free estimates.

📞 Free estimate: (941) 352-4308
🔗 https://lakewoodranchconcretefl.com/pool-deck-pavers/lakewood-ranch/

#PoolDeckPavers #LakewoodRanch #LakewoodRanchFL #Concrete #Pavers #ConcreteContractor #Hardscape #Hardscaping #Bradenton #Sarasota #ManateeCounty #FloridaHomes #CurbAppeal #OutdoorLiving #SWFL",https://lakewoodranchconcretefl.com/images/social-fbig/fbig-15-pool-deck-pavers-lakewood-ranch-fl.jpg,https://lakewoodranchconcretefl.com/pool-deck-pavers/lakewood-ranch/,
2026-08-24,11:30,"Another concrete pool decks finished in Bradenton, FL — a cool-finish, slip-aware concrete pool deck that beats the Florida heat. Your Bradenton project could be next. We install concrete & paver driveways, patios, pool decks, travertine, stamped concrete, walkways & sealing across Bradenton, Lakewood Ranch, Palmetto & Ellenton. Fully insured, free written estimates, HOA/ARC-ready.

📞 Free estimate: (941) 352-4308
🔗 https://lakewoodranchconcretefl.com/concrete-pool-decks/bradenton/

#ConcretePoolDecks #Bradenton #BradentonFL #Concrete #Pavers #ConcreteContractor #Hardscape #Hardscaping #LakewoodRanch #Sarasota #ManateeCounty #FloridaHomes #CurbAppeal #OutdoorLiving #SWFL",https://lakewoodranchconcretefl.com/images/social-fbig/fbig-16-concrete-pool-decks-bradenton-fl.jpg,https://lakewoodranchconcretefl.com/concrete-pool-decks/bradenton/,
2026-08-26,11:30,"Pool Deck Pavers & Travertine in Lakewood Ranch, FL done right. Lakewood Ranch Concrete installs a travertine or paver pool deck, cool underfoot and sealed to last. We install concrete & paver driveways, patios, pool decks, travertine, stamped concrete, walkways & sealing across Lakewood Ranch, Bradenton, Sarasota & Parrish and all of Manatee & Sarasota County. Fully insured. Free written estimates.

📞 Free estimate: (941) 352-4308
🔗 https://lakewoodranchconcretefl.com/pool-deck-pavers/lakewood-ranch/

#PoolDeckPavers #LakewoodRanch #LakewoodRanchFL #Concrete #Pavers #ConcreteContractor #Hardscape #Hardscaping #Bradenton #Sarasota #ManateeCounty #FloridaHomes #CurbAppeal #OutdoorLiving #SWFL",https://lakewoodranchconcretefl.com/images/social-fbig/fbig-17-pool-deck-pavers-lakewood-ranch-fl.jpg,https://lakewoodranchconcretefl.com/pool-deck-pavers/lakewood-ranch/,
2026-08-28,11:30,"Free paver driveways estimate in Bradenton, FL. Paver Driveways — a paver driveway set on a fully compacted base with polymeric joint sand. Serving Bradenton, Lakewood Ranch, Palmetto & Ellenton and the Suncoast. No pressure, fully insured, same crew from start to finish.

📞 Free estimate: (941) 352-4308
🔗 https://lakewoodranchconcretefl.com/paver-driveways/bradenton/

#PaverDriveways #Bradenton #BradentonFL #Concrete #Pavers #ConcreteContractor #Hardscape #Hardscaping #LakewoodRanch #Sarasota #ManateeCounty #FloridaHomes #CurbAppeal #OutdoorLiving #SWFL",https://lakewoodranchconcretefl.com/images/social-fbig/fbig-18-paver-driveways-bradenton-fl.jpg,https://lakewoodranchconcretefl.com/paver-driveways/bradenton/,
2026-08-31,11:30,"Parrish homeowners: most sunken pavers trace back to a rushed, under-compacted base. Our paver driveways start with real base prep and engineered joints — not shortcuts. Paver Driveways plus concrete & paver driveways, patios, pool decks, travertine, stamped concrete, walkways & sealing across Parrish, Ellenton, Palmetto & Bradenton. Fully insured, free estimates.

📞 Free estimate: (941) 352-4308
🔗 https://lakewoodranchconcretefl.com/paver-driveways/parrish/

#PaverDriveways #Parrish #ParrishFL #Concrete #Pavers #ConcreteContractor #Hardscape #Hardscaping #LakewoodRanch #Bradenton #Sarasota #ManateeCounty #FloridaHomes #CurbAppeal #OutdoorLiving #SWFL",https://lakewoodranchconcretefl.com/images/social-fbig/fbig-19-paver-driveways-parrish-fl.jpg,https://lakewoodranchconcretefl.com/paver-driveways/parrish/,
2026-09-02,11:30,"Another concrete slabs finished in Parrish, FL — a solid concrete slab or pad on a properly compacted base. Your Parrish project could be next. We install concrete & paver driveways, patios, pool decks, travertine, stamped concrete, walkways & sealing across Parrish, Ellenton, Palmetto & Bradenton. Fully insured, free written estimates, HOA/ARC-ready.

📞 Free estimate: (941) 352-4308
🔗 https://lakewoodranchconcretefl.com/concrete-slabs/parrish/

#ConcreteSlabs #Parrish #ParrishFL #Concrete #Pavers #ConcreteContractor #Hardscape #Hardscaping #LakewoodRanch #Bradenton #Sarasota #ManateeCounty #FloridaHomes #CurbAppeal #OutdoorLiving #SWFL",https://lakewoodranchconcretefl.com/images/social-fbig/fbig-20-concrete-slabs-parrish-fl.jpg,https://lakewoodranchconcretefl.com/concrete-slabs/parrish/,
2026-09-04,11:30,"Paver Driveways in Ellenton, FL done right. Lakewood Ranch Concrete installs a paver driveway set on a fully compacted base with polymeric joint sand. We install concrete & paver driveways, patios, pool decks, travertine, stamped concrete, walkways & sealing across Ellenton, Palmetto, Parrish & Bradenton and all of Manatee & Sarasota County. Fully insured. Free written estimates.

📞 Free estimate: (941) 352-4308
🔗 https://lakewoodranchconcretefl.com/paver-driveways/ellenton/

#PaverDriveways #Ellenton #EllentonFL #Concrete #Pavers #ConcreteContractor #Hardscape #Hardscaping #LakewoodRanch #Bradenton #Sarasota #ManateeCounty #FloridaHomes #CurbAppeal #OutdoorLiving #SWFL",https://lakewoodranchconcretefl.com/images/social-fbig/fbig-21-paver-driveways-ellenton-fl.jpg,https://lakewoodranchconcretefl.com/paver-driveways/ellenton/,
2026-09-07,11:30,"Free paver driveways estimate in Sarasota, FL. Paver Driveways — a paver driveway set on a fully compacted base with polymeric joint sand. Serving Sarasota, Lakewood Ranch, Osprey & Venice and the Suncoast. No pressure, fully insured, same crew from start to finish.

📞 Free estimate: (941) 352-4308
🔗 https://lakewoodranchconcretefl.com/paver-driveways/sarasota/

#PaverDriveways #Sarasota #SarasotaFL #Concrete #Pavers #ConcreteContractor #Hardscape #Hardscaping #LakewoodRanch #Bradenton #ManateeCounty #FloridaHomes #CurbAppeal #OutdoorLiving #SWFL",https://lakewoodranchconcretefl.com/images/social-fbig/fbig-22-paver-driveways-sarasota-fl.jpg,https://lakewoodranchconcretefl.com/paver-driveways/sarasota/,
2026-09-09,11:30,"Bradenton homeowners: most sunken pavers trace back to a rushed, under-compacted base. Our paver driveways start with real base prep and engineered joints — not shortcuts. Paver Driveways plus concrete & paver driveways, patios, pool decks, travertine, stamped concrete, walkways & sealing across Bradenton, Lakewood Ranch, Palmetto & Ellenton. Fully insured, free estimates.

📞 Free estimate: (941) 352-4308
🔗 https://lakewoodranchconcretefl.com/paver-driveways/bradenton/

#PaverDriveways #Bradenton #BradentonFL #Concrete #Pavers #ConcreteContractor #Hardscape #Hardscaping #LakewoodRanch #Sarasota #ManateeCounty #FloridaHomes #CurbAppeal #OutdoorLiving #SWFL",https://lakewoodranchconcretefl.com/images/social-fbig/fbig-23-paver-driveways-bradenton-fl.jpg,https://lakewoodranchconcretefl.com/paver-driveways/bradenton/,
2026-09-11,11:30,"Another resurfacing & repair finished in Bradenton, FL — concrete resurfacing that renews a worn, cracked surface without a full tear-out. Your Bradenton project could be next. We install concrete & paver driveways, patios, pool decks, travertine, stamped concrete, walkways & sealing across Bradenton, Lakewood Ranch, Palmetto & Ellenton. Fully insured, free written estimates, HOA/ARC-ready.

📞 Free estimate: (941) 352-4308
🔗 https://lakewoodranchconcretefl.com/concrete-resurfacing/bradenton/

#ResurfacingRepair #Bradenton #BradentonFL #Concrete #Pavers #ConcreteContractor #Hardscape #Hardscaping #LakewoodRanch #Sarasota #ManateeCounty #FloridaHomes #CurbAppeal #OutdoorLiving #SWFL",https://lakewoodranchconcretefl.com/images/social-fbig/fbig-24-resurfacing-repair-bradenton-fl.jpg,https://lakewoodranchconcretefl.com/concrete-resurfacing/bradenton/,
2026-09-14,11:30,"Paver Patios & Walkways in Lakewood Ranch, FL done right. Lakewood Ranch Concrete installs a paver patio or walkway that won't settle, shift or wash out. We install concrete & paver driveways, patios, pool decks, travertine, stamped concrete, walkways & sealing across Lakewood Ranch, Bradenton, Sarasota & Parrish and all of Manatee & Sarasota County. Fully insured. Free written estimates.

📞 Free estimate: (941) 352-4308
🔗 https://lakewoodranchconcretefl.com/paver-patios-walkways/lakewood-ranch/

#PaverPatios #LakewoodRanch #LakewoodRanchFL #Concrete #Pavers #ConcreteContractor #Hardscape #Hardscaping #Bradenton #Sarasota #ManateeCounty #FloridaHomes #CurbAppeal #OutdoorLiving #SWFL",https://lakewoodranchconcretefl.com/images/social-fbig/fbig-25-paver-patios-lakewood-ranch-fl.jpg,https://lakewoodranchconcretefl.com/paver-patios-walkways/lakewood-ranch/,
2026-09-16,11:30,"Free paver patios estimate in Sarasota, FL. Paver Patios & Walkways — a paver patio or walkway that won't settle, shift or wash out. Serving Sarasota, Lakewood Ranch, Osprey & Venice and the Suncoast. No pressure, fully insured, same crew from start to finish.

📞 Free estimate: (941) 352-4308
🔗 https://lakewoodranchconcretefl.com/paver-patios-walkways/sarasota/

#PaverPatios #Sarasota #SarasotaFL #Concrete #Pavers #ConcreteContractor #Hardscape #Hardscaping #LakewoodRanch #Bradenton #ManateeCounty #FloridaHomes #CurbAppeal #OutdoorLiving #SWFL",https://lakewoodranchconcretefl.com/images/social-fbig/fbig-26-paver-patios-sarasota-fl.jpg,https://lakewoodranchconcretefl.com/paver-patios-walkways/sarasota/,
2026-09-18,11:30,"Palmetto homeowners: polymeric sand and edge restraint are what keep pavers from spreading. Our paver patios start with real base prep and engineered joints — not shortcuts. Paver Patios & Walkways plus concrete & paver driveways, patios, pool decks, travertine, stamped concrete, walkways & sealing across Palmetto, Ellenton, Bradenton & Parrish. Fully insured, free estimates.

📞 Free estimate: (941) 352-4308
🔗 https://lakewoodranchconcretefl.com/paver-patios-walkways/palmetto/

#PaverPatios #Palmetto #PalmettoFL #Concrete #Pavers #ConcreteContractor #Hardscape #Hardscaping #LakewoodRanch #Bradenton #Sarasota #ManateeCounty #FloridaHomes #CurbAppeal #OutdoorLiving #SWFL",https://lakewoodranchconcretefl.com/images/social-fbig/fbig-27-paver-patios-palmetto-fl.jpg,https://lakewoodranchconcretefl.com/paver-patios-walkways/palmetto/,
2026-09-21,11:30,"Another paver sealing finished in Lakewood Ranch, FL — paver sealing and re-sanding that locks the joints and brings the color back. Your Lakewood Ranch project could be next. We install concrete & paver driveways, patios, pool decks, travertine, stamped concrete, walkways & sealing across Lakewood Ranch, Bradenton, Sarasota & Parrish. Fully insured, free written estimates, HOA/ARC-ready.

📞 Free estimate: (941) 352-4308
🔗 https://lakewoodranchconcretefl.com/paver-sealing/lakewood-ranch/

#PaverSealing #LakewoodRanch #LakewoodRanchFL #Concrete #Pavers #ConcreteContractor #Hardscape #Hardscaping #Bradenton #Sarasota #ManateeCounty #FloridaHomes #CurbAppeal #OutdoorLiving #SWFL",https://lakewoodranchconcretefl.com/images/social-fbig/fbig-28-paver-sealing-lakewood-ranch-fl.jpg,https://lakewoodranchconcretefl.com/paver-sealing/lakewood-ranch/,
2026-09-23,11:30,"Paver Patios & Walkways in Bradenton, FL done right. Lakewood Ranch Concrete installs a paver patio or walkway that won't settle, shift or wash out. We install concrete & paver driveways, patios, pool decks, travertine, stamped concrete, walkways & sealing across Bradenton, Lakewood Ranch, Palmetto & Ellenton and all of Manatee & Sarasota County. Fully insured. Free written estimates.

📞 Free estimate: (941) 352-4308
🔗 https://lakewoodranchconcretefl.com/paver-patios-walkways/bradenton/

#PaverPatios #Bradenton #BradentonFL #Concrete #Pavers #ConcreteContractor #Hardscape #Hardscaping #LakewoodRanch #Sarasota #ManateeCounty #FloridaHomes #CurbAppeal #OutdoorLiving #SWFL",https://lakewoodranchconcretefl.com/images/social-fbig/fbig-29-paver-patios-bradenton-fl.jpg,https://lakewoodranchconcretefl.com/paver-patios-walkways/bradenton/,
2026-09-25,11:30,"Free paver patios estimate in Sarasota, FL. Paver Patios & Walkways — a paver patio or walkway that won't settle, shift or wash out. Serving Sarasota, Lakewood Ranch, Osprey & Venice and the Suncoast. No pressure, fully insured, same crew from start to finish.

📞 Free estimate: (941) 352-4308
🔗 https://lakewoodranchconcretefl.com/paver-patios-walkways/sarasota/

#PaverPatios #Sarasota #SarasotaFL #Concrete #Pavers #ConcreteContractor #Hardscape #Hardscaping #LakewoodRanch #Bradenton #ManateeCounty #FloridaHomes #CurbAppeal #OutdoorLiving #SWFL",https://lakewoodranchconcretefl.com/images/social-fbig/fbig-30-paver-patios-sarasota-fl.jpg,https://lakewoodranchconcretefl.com/paver-patios-walkways/sarasota/,
2026-09-28,11:30,"Bradenton homeowners: polymeric sand and edge restraint are what keep pavers from spreading. Our paver patios start with real base prep and engineered joints — not shortcuts. Paver Patios & Walkways plus concrete & paver driveways, patios, pool decks, travertine, stamped concrete, walkways & sealing across Bradenton, Lakewood Ranch, Palmetto & Ellenton. Fully insured, free estimates.

📞 Free estimate: (941) 352-4308
🔗 https://lakewoodranchconcretefl.com/paver-patios-walkways/bradenton/

#PaverPatios #Bradenton #BradentonFL #Concrete #Pavers #ConcreteContractor #Hardscape #Hardscaping #LakewoodRanch #Sarasota #ManateeCounty #FloridaHomes #CurbAppeal #OutdoorLiving #SWFL",https://lakewoodranchconcretefl.com/images/social-fbig/fbig-31-paver-patios-bradenton-fl.jpg,https://lakewoodranchconcretefl.com/paver-patios-walkways/bradenton/,
2026-09-30,11:30,"Another concrete driveways finished in Bradenton, FL — a poured concrete driveway engineered for Florida heat and shifting soil. Your Bradenton project could be next. We install concrete & paver driveways, patios, pool decks, travertine, stamped concrete, walkways & sealing across Bradenton, Lakewood Ranch, Palmetto & Ellenton. Fully insured, free written estimates, HOA/ARC-ready.

📞 Free estimate: (941) 352-4308
🔗 https://lakewoodranchconcretefl.com/concrete-driveways/bradenton/

#ConcreteDriveways #Bradenton #BradentonFL #Concrete #Pavers #ConcreteContractor #Hardscape #Hardscaping #LakewoodRanch #Sarasota #ManateeCounty #FloridaHomes #CurbAppeal #OutdoorLiving #SWFL",https://lakewoodranchconcretefl.com/images/social-fbig/fbig-32-concrete-driveways-bradenton-fl.jpg,https://lakewoodranchconcretefl.com/concrete-driveways/bradenton/,
2026-10-02,11:30,"Pool Deck Pavers & Travertine in Bradenton, FL done right. Lakewood Ranch Concrete installs a travertine or paver pool deck, cool underfoot and sealed to last. We install concrete & paver driveways, patios, pool decks, travertine, stamped concrete, walkways & sealing across Bradenton, Lakewood Ranch, Palmetto & Ellenton and all of Manatee & Sarasota County. Fully insured. Free written estimates.

📞 Free estimate: (941) 352-4308
🔗 https://lakewoodranchconcretefl.com/pool-deck-pavers/bradenton/

#PoolDeckPavers #Bradenton #BradentonFL #Concrete #Pavers #ConcreteContractor #Hardscape #Hardscaping #LakewoodRanch #Sarasota #ManateeCounty #FloridaHomes #CurbAppeal #OutdoorLiving #SWFL",https://lakewoodranchconcretefl.com/images/social-fbig/fbig-33-pool-deck-pavers-bradenton-fl.jpg,https://lakewoodranchconcretefl.com/pool-deck-pavers/bradenton/,
2026-10-05,11:30,"Free pool deck pavers estimate in Sarasota, FL. Pool Deck Pavers & Travertine — a travertine or paver pool deck, cool underfoot and sealed to last. Serving Sarasota, Lakewood Ranch, Osprey & Venice and the Suncoast. No pressure, fully insured, same crew from start to finish.

📞 Free estimate: (941) 352-4308
🔗 https://lakewoodranchconcretefl.com/pool-deck-pavers/sarasota/

#PoolDeckPavers #Sarasota #SarasotaFL #Concrete #Pavers #ConcreteContractor #Hardscape #Hardscaping #LakewoodRanch #Bradenton #ManateeCounty #FloridaHomes #CurbAppeal #OutdoorLiving #SWFL",https://lakewoodranchconcretefl.com/images/social-fbig/fbig-34-pool-deck-pavers-sarasota-fl.jpg,https://lakewoodranchconcretefl.com/pool-deck-pavers/sarasota/,
2026-10-07,11:30,"Sarasota homeowners: most sunken pavers trace back to a rushed, under-compacted base. Our paver driveways start with real base prep and engineered joints — not shortcuts. Paver Driveways plus concrete & paver driveways, patios, pool decks, travertine, stamped concrete, walkways & sealing across Sarasota, Lakewood Ranch, Osprey & Venice. Fully insured, free estimates.

📞 Free estimate: (941) 352-4308
🔗 https://lakewoodranchconcretefl.com/paver-driveways/sarasota/

#PaverDriveways #Sarasota #SarasotaFL #Concrete #Pavers #ConcreteContractor #Hardscape #Hardscaping #LakewoodRanch #Bradenton #ManateeCounty #FloridaHomes #CurbAppeal #OutdoorLiving #SWFL",https://lakewoodranchconcretefl.com/images/social-fbig/fbig-35-paver-driveways-sarasota-fl.jpg,https://lakewoodranchconcretefl.com/paver-driveways/sarasota/,
2026-10-09,11:30,"Another concrete patios finished in Sarasota, FL — a broom, smooth or stamped concrete patio built for Gulf Coast sun and drainage. Your Sarasota project could be next. We install concrete & paver driveways, patios, pool decks, travertine, stamped concrete, walkways & sealing across Sarasota, Lakewood Ranch, Osprey & Venice. Fully insured, free written estimates, HOA/ARC-ready.

📞 Free estimate: (941) 352-4308
🔗 https://lakewoodranchconcretefl.com/concrete-patios/sarasota/

#ConcretePatios #Sarasota #SarasotaFL #Concrete #Pavers #ConcreteContractor #Hardscape #Hardscaping #LakewoodRanch #Bradenton #ManateeCounty #FloridaHomes #CurbAppeal #OutdoorLiving #SWFL",https://lakewoodranchconcretefl.com/images/social-fbig/fbig-36-concrete-patios-sarasota-fl.jpg,https://lakewoodranchconcretefl.com/concrete-patios/sarasota/,
